﻿<?xml version="1.0" encoding="utf-8"?>
<key id="3ad4d2fa-2571-43e7-9ad1-c3f5e63a2b06" version="1">
  <creationDate>2023-07-21T10:16:38.8163276Z</creationDate>
  <activationDate>2023-07-21T10:16:38.8111242Z</activationDate>
  <expirationDate>2023-10-19T10:16:38.8111242Z</expirationDate>
  <descriptor deserializerType="Microsoft.AspNetCore.DataProtection.AuthenticatedEncryption.ConfigurationModel.AuthenticatedEncryptorDescriptorDeserializer, Microsoft.AspNetCore.DataProtection, Version=6.0.0.0, Culture=neutral, PublicKeyToken=adb9793829ddae60">
    <descriptor>
      <encryption algorithm="AES_256_CBC" />
      <validation algorithm="HMACSHA256" />
      <masterKey p4:requiresEncryption="true" xmlns:p4="http://schemas.asp.net/2015/03/dataProtection">
        <!-- Warning: the key below is in an unencrypted form. -->
        <value>mqxO2VJREdQkWcyvGShSd5D3lD9lvkxaQAj2COUteIivs3iLpTTqFtxQO2HZ06kb2iqHeXNX7fzyEA/UYydWPw==</value>
      </masterKey>
    </descriptor>
  </descriptor>
</key>